{
  "tags": [
    {
      "ID": 1,
      "pose": {
        "translation": {
          "x": 3.6576059253152002,
          "y": 1.52400082296,
          "z": 0.8128
        },
        "rotation": {
          "quaternion": {
            "W": -0.7071067811865475,
            "X": -0.0,
            "Y": 0.0,
            "Z": 0.7071067811865476
          }
        }
      }
    },
    {
      "ID": 3,
      "pose": {
        "translation": {
          "x": 3.6576059253152002,
          "y": 1.52400082296,
          "z": 0.4128
        },
        "rotation": {
          "quaternion": {
            "W": -0.7071067811865475,
            "X": -0.0,
            "Y": 0.0,
            "Z": 0.7071067811865476
          }
        }
      }
    },
    {
      "ID": 2,
      "pose": {
        "translation": {
          "x": 16.697198,
          "y": 7.3964799999999995,
          "z": 1.4859
        },
        "rotation":{
          "quaternion": {
            "W": 6.123233995736766e-17,
            "X": 0.0,
            "Y": 0.0,
            "Z": 1.0
          }
        }
      }
    }
  ],
  "field": {
    "length": 20.0,
    "width": 20.0
  }
}
